	assembly	allframes_MTcount	annotatedCDS_MTcount
0	GCF_001505235	1	1
1	GCF_000843105	1	1
2	GCF_000867985	0	0
3	GCF_000864485	0	0
4	GCF_000845425	1	1
5	GCF_001503815	1	1
6	GCF_000839625	2	2
7	GCF_001744575	0	0
8	GCF_000897435	1	1
9	GCF_000912655	0	0
10	GCF_000911035	1	1
11	GCF_000896595	0	0
12	GCF_001041755	2	0
13	GCF_000908695	0	0
14	GCF_000906595	0	0
15	GCF_000875605	0	0
16	GCF_000943625	0	0
17	GCF_000915055	0	0
18	GCF_000839365	0	0
19	GCF_000846805	0	0
20	GCF_000871405	1	1
21	GCF_000893995	1	1
22	GCF_002158775	2	2
23	GCF_000846925	0	0
24	GCF_000841105	0	0
25	GCF_000875405	0	0
26	GCF_000891735	1	1
27	GCF_000841985	1	1
28	GCF_001505255	0	0
29	GCF_000859805	0	0
30	GCF_000915735	1	1
31	GCF_002211075	1	1
32	GCF_000890475	1	1
33	GCF_001745815	0	0
34	GCF_001717355	0	0
35	GCF_000873105	0	0
36	GCF_000913335	1	1
37	GCF_000857625	0	0
38	GCF_001500855	0	0
39	GCF_001470555	1	1
40	GCF_000926815	0	0
41	GCF_000913315	0	0
42	GCF_001503675	2	2
43	GCF_000969035	0	0
44	GCF_000922815	0	0
45	GCF_001876855	0	0
46	GCF_000857705	1	1
47	GCF_000872165	0	0
48	GCF_000908115	1	1
49	GCF_001503275	0	0
50	GCF_000868465	0	0
51	GCF_000888655	0	0
52	GCF_000914015	1	1
53	GCF_000884495	0	0
54	GCF_000837725	1	1
55	GCF_001745295	0	0
56	GCF_000918435	0	0
57	GCF_000884615	0	0
58	GCF_001745875	0	0
59	GCF_000913135	0	0
60	GCF_000884555	2	2
61	GCF_000888495	0	0
62	GCF_000880975	0	0
63	GCF_001041815	0	0
64	GCF_001430215	0	0
65	GCF_000916455	0	0
66	GCF_000903575	0	0
67	GCF_001041775	1	1
68	GCF_001744115	0	0
69	GCF_000844045	0	0
70	GCF_000922515	0	0
71	GCF_000881495	0	0
72	GCF_000915035	0	0
73	GCF_000869825	1	1
74	GCF_000903735	0	0
75	GCF_000843625	0	0
76	GCF_000909235	0	0
77	GCF_001579495	0	0
78	GCF_000901335	0	0
79	GCF_000901035	0	0
80	GCF_000891135	0	0
81	GCF_000864665	0	0
82	GCF_000890395	0	0
83	GCF_001500675	0	0
84	GCF_000882115	0	0
85	GCF_000879635	0	0
86	GCF_000865485	0	0
87	GCF_000841945	0	0
88	GCF_000846905	0	0
89	GCF_001504035	1	1
90	GCF_000897455	0	0
91	GCF_000871945	1	1
92	GCF_001502315	0	0
93	GCF_000885975	2	2
94	GCF_001505575	1	1
95	GCF_001885345	1	1
96	GCF_000897015	0	0
97	GCF_001745635	1	1
98	GCF_001745735	0	0
99	GCF_000864165	0	0
100	GCF_000849645	1	1
101	GCF_001744415	0	0
102	GCF_000911015	0	0
103	GCF_000857085	0	0
104	GCF_000837065	0	0
105	GCF_001501195	0	0
106	GCF_000884535	0	0
107	GCF_000904695	0	0
108	GCF_000922835	0	0
109	GCF_000843125	1	1
110	GCF_000927555	0	0
111	GCF_000865465	0	0
112	GCF_000904835	0	0
113	GCF_000866045	0	0
114	GCF_000892435	0	0
115	GCF_001551785	0	0
116	GCF_000908895	0	0
117	GCF_000910115	0	0
118	GCF_000917195	3	3
119	GCF_001502035	1	1
120	GCF_000926875	0	0
121	GCF_000891635	0	0
122	GCF_000868065	0	0
123	GCF_001503355	0	0
124	GCF_000914135	1	1
125	GCF_000844845	0	0
126	GCF_001743775	0	0
127	GCF_000989155	0	0
128	GCF_000859405	0	0
129	GCF_000904455	2	2
130	GCF_000864625	3	3
131	GCF_000843165	0	0
132	GCF_000905515	0	0
133	GCF_000882435	0	0
134	GCF_001041075	1	1
135	GCF_000907975	1	1
136	GCF_000869885	0	0
137	GCF_000867905	0	0
138	GCF_000916195	1	1
139	GCF_001042095	0	0
140	GCF_000845405	0	0
141	GCF_000913255	0	0
142	GCF_000898835	0	0
143	GCF_000927375	0	0
144	GCF_001501275	0	0
145	GCF_000880515	0	0
146	GCF_000909695	0	0
147	GCF_000874685	0	0
148	GCF_000927355	0	0
149	GCF_001564385	0	0
150	GCF_000920795	0	0
151	GCF_000915755	1	1
152	GCF_002008635	0	0
153	GCF_000892275	0	0
154	GCF_000844505	0	0
155	GCF_000910295	0	0
156	GCF_002158795	0	0
157	GCF_001743715	0	0
158	GCF_000927595	1	1
159	GCF_000844405	0	0
160	GCF_001698335	0	0
161	GCF_000898875	0	0
162	GCF_000928995	0	0
163	GCF_000882475	1	1
164	GCF_000954355	1	1
165	GCF_001698275	0	0
166	GCF_001500555	1	1
167	GCF_001502115	1	1
168	GCF_001550745	1	1
169	GCF_001746115	0	0
170	GCF_000909675	3	3
171	GCF_000902955	0	0
172	GCF_001755545	0	0
173	GCF_000890535	0	0
174	GCF_000849705	1	1
175	GCF_000907995	1	1
176	GCF_001754305	0	0
177	GCF_000892515	1	1
178	GCF_000906735	0	0
179	GCF_000920855	0	0
180	GCF_000883235	0	0
181	GCF_000840845	2	2
182	GCF_000843405	0	0
183	GCF_001737035	2	2
184	GCF_000843585	0	0
185	GCF_000909075	0	0
186	GCF_000843425	0	0
187	GCF_000930875	0	0
188	GCF_001714475	0	0
189	GCF_001722705	0	0
190	GCF_000845705	0	0
191	GCF_000924915	0	0
192	GCF_000880875	0	0
193	GCF_000875585	1	1
194	GCF_001745175	0	0
195	GCF_002004435	0	0
196	GCF_000842505	0	0
197	GCF_001042115	0	0
198	GCF_000914175	0	0
199	GCF_000899695	0	0
200	GCF_000849745	0	0
201	GCF_000899335	1	1
202	GCF_000857585	0	0
203	GCF_000904435	1	1
204	GCF_000858745	0	0
205	GCF_000913455	0	0
206	GCF_000954975	0	0
207	GCF_001504815	0	0
208	GCF_000902935	0	0
209	GCF_001745995	0	0
210	GCF_001041635	0	0
211	GCF_000901655	0	0
212	GCF_001745535	3	3
213	GCF_001551405	0	0
214	GCF_001885445	0	0
215	GCF_000901315	0	0
216	GCF_000870785	0	0
217	GCF_001501915	1	1
218	GCF_001042335	0	0
219	GCF_000906175	0	0
220	GCF_000845465	0	0
221	GCF_000861925	0	0
222	GCF_000902635	0	0
223	GCF_001503715	0	0
224	GCF_001470895	0	0
225	GCF_000920295	0	0
226	GCF_000904275	0	0
227	GCF_001754845	0	0
228	GCF_000883135	0	0
229	GCF_002889855	0	0
230	GCF_000911815	0	0
231	GCF_001504295	0	0
232	GCF_000839885	0	0
233	GCF_000864205	0	0
234	GCF_001500455	0	0
235	GCF_000899755	0	0
236	GCF_001755625	0	0
237	GCF_000902115	0	0
238	GCF_000885795	0	0
239	GCF_000929055	1	1
240	GCF_000893415	1	1
241	GCF_000842565	0	0
242	GCF_000912995	0	0
243	GCF_001308435	0	0
244	GCF_000915675	3	3
245	GCF_001471015	0	0
246	GCF_001443905	0	0
247	GCF_001754745	0	0
248	GCF_000918355	0	0
249	GCF_000917075	0	0
250	GCF_001736975	1	1
251	GCF_000902295	0	0
252	GCF_002037695	0	0
253	GCF_000915475	0	0
254	GCF_000865245	0	0
255	GCF_000907655	2	2
256	GCF_001754425	0	0
257	GCF_000900975	0	0
258	GCF_001501375	0	0
259	GCF_000927515	0	0
260	GCF_000904515	0	0
261	GCF_000857845	0	0
262	GCF_000838445	0	0
263	GCF_000914035	1	1
264	GCF_001504555	0	0
265	GCF_001602085	0	0
266	GCF_000954895	0	0
267	GCF_000871085	1	1
268	GCF_002149245	0	0
269	GCF_000843045	0	0
270	GCF_000843805	0	0
271	GCF_000896435	0	0
272	GCF_000907515	0	0
273	GCF_000909915	2	2
274	GCF_001502075	1	1
275	GCF_000895055	0	0
276	GCF_000917095	0	0
277	GCF_000902675	0	0
278	GCF_000902455	0	0
279	GCF_000838125	0	0
280	GCF_000844125	0	0
281	GCF_001505375	0	0
282	GCF_000926495	0	0
283	GCF_000926195	0	0
284	GCF_000842405	0	0
285	GCF_000897415	0	0
286	GCF_000896715	0	0
287	GCF_000892355	0	0
288	GCF_001736775	0	0
289	GCF_000871785	0	0
290	GCF_001502215	0	0
291	GCF_000846705	0	0
292	GCF_001430255	3	3
293	GCF_000864905	0	0
294	GCF_000895215	0	0
295	GCF_000920975	0	0
296	GCF_000913395	1	1
297	GCF_000872705	0	0
298	GCF_000929435	0	0
299	GCF_001501995	0	0
300	GCF_000912255	0	0
301	GCF_000920475	0	0
302	GCF_000925815	1	1
303	GCF_000912715	0	0
304	GCF_001505635	0	0
305	GCF_002149425	0	0
306	GCF_000894155	3	3
307	GCF_000844925	1	1
308	GCF_001470375	0	0
309	GCF_000908635	1	1
310	GCF_000884195	0	0
311	GCF_000880295	1	1
312	GCF_000886695	1	1
313	GCF_001754325	0	0
314	GCF_000905995	0	0
315	GCF_000901235	0	0
316	GCF_000883115	2	2
317	GCF_000895135	1	1
318	GCF_000882695	0	0
319	GCF_001502955	3	3
320	GCF_000954955	0	0
321	GCF_000896555	0	0
322	GCF_000881675	0	0
323	GCF_000911675	0	0
324	GCF_000868265	0	0
325	GCF_000917955	0	0
326	GCF_000844605	1	1
327	GCF_001470575	0	0
328	GCF_001505535	0	0
329	GCF_001190695	0	0
330	GCF_001029045	0	0
331	GCF_000905435	5	3
332	GCF_000909735	1	1
333	GCF_001884535	2	2
334	GCF_000918395	0	0
335	GCF_001501335	0	0
336	GCF_001736855	0	0
337	GCF_001041475	0	0
338	GCF_000898315	1	1
339	GCF_000899835	0	0
340	GCF_001806195	0	0
341	GCF_000909175	0	0
342	GCF_000859885	0	0
343	GCF_000907535	0	0
344	GCF_001500615	0	0
345	GCF_000901895	1	1
346	GCF_002354985	0	0
347	GCF_001502415	3	3
348	GCF_000880955	0	0
349	GCF_000982385	2	2
350	GCF_000912315	1	1
351	GCF_000918715	0	0
352	GCF_001470435	0	0
353	GCF_001501095	1	1
354	GCF_001755705	0	0
355	GCF_001743815	0	0
356	GCF_000910415	0	0
357	GCF_000906195	0	0
358	GCF_001736795	0	0
359	GCF_001698375	0	0
360	GCF_001505315	0	0
361	GCF_000918375	1	1
362	GCF_000889015	0	0
363	GCF_000867945	0	0
364	GCF_000904295	1	1
365	GCF_000881955	0	0
366	GCF_001190295	0	0
367	GCF_000919595	0	0
368	GCF_000912015	0	0
369	GCF_000930015	0	0
370	GCF_000891835	2	2
371	GCF_001745275	2	2
372	GCF_000912055	0	0
373	GCF_001736675	2	2
374	GCF_000914075	1	1
375	GCF_000844425	0	0
376	GCF_000891695	0	0
377	GCF_000898755	0	0
378	GCF_001275535	0	0
379	GCF_000926735	0	0
380	GCF_000895915	0	0
381	GCF_000842205	3	3
382	GCF_001504355	0	0
383	GCF_000901735	0	0
384	GCF_000896515	0	0
385	GCF_001190415	0	0
386	GCF_000908675	0	0
387	GCF_000886235	0	0
388	GCF_000845865	2	0
389	GCF_000883695	0	0
390	GCF_000920775	0	0
391	GCF_000875285	0	0
392	GCF_001041495	0	0
393	GCF_001885405	0	0
394	GCF_000901595	0	0
395	GCF_000899715	0	0
396	GCF_000918475	0	0
397	GCF_000928955	0	0
398	GCF_000922015	0	0
399	GCF_000913215	0	0
400	GCF_000858505	0	0
401	GCF_000890735	0	0
402	GCF_000869065	0	0
403	GCF_000900955	0	0
404	GCF_000883155	0	0
405	GCF_000872765	1	1
406	GCF_000887855	4	4
407	GCF_002149365	0	0
408	GCF_001745895	0	0
409	GCF_000867965	0	0
410	GCF_000917155	0	0
411	GCF_000866225	0	0
412	GCF_001019815	1	1
413	GCF_000909355	0	0
414	GCF_001689815	1	1
415	GCF_000905195	0	0
416	GCF_000898915	0	0
417	GCF_000905875	0	0
418	GCF_000915495	0	0
419	GCF_000911335	0	0
420	GCF_001745035	0	0
421	GCF_001470415	0	0
422	GCF_000871105	0	0
423	GCF_000902615	1	1
424	GCF_001744175	1	1
425	GCF_000860245	0	0
426	GCF_000920535	0	0
427	GCF_000839145	0	0
428	GCF_001551385	0	0
429	GCF_000918235	0	0
430	GCF_000923635	1	1
431	GCF_000874925	0	0
432	GCF_001743895	0	0
433	GCF_000843825	0	0
434	GCF_000909515	1	1
435	GCF_000919995	1	1
436	GCF_000844865	0	0
437	GCF_000859265	0	0
438	GCF_000847265	0	0
439	GCF_001745835	0	0
440	GCF_001500815	0	0
441	GCF_000901075	0	0
442	GCF_001008535	0	0
443	GCF_001501655	0	0
444	GCF_001651185	0	0
445	GCF_000909195	1	1
446	GCF_000845065	0	0
447	GCF_000899035	0	0
448	GCF_000925855	1	1
449	GCF_000848805	0	0
450	GCF_000922055	0	0
451	GCF_000892655	0	0
452	GCF_000916315	0	0
453	GCF_000930115	0	0
454	GCF_000875465	2	2
455	GCF_000857945	0	0
456	GCF_001744535	0	0
457	GCF_001745695	0	0
458	GCF_001736875	0	0
459	GCF_000865685	0	0
460	GCF_000911955	2	2
461	GCF_000923035	0	0
462	GCF_001504275	2	2
463	GCF_000914435	0	0
464	GCF_001504315	1	1
465	GCF_000883715	0	0
466	GCF_000898135	0	0
467	GCF_000905035	0	0
468	GCF_000909975	0	0
469	GCF_000907575	0	0
470	GCF_000914495	0	1
471	GCF_000903775	1	1
472	GCF_000918975	0	0
473	GCF_001470135	1	1
474	GCF_000918255	1	1
475	GCF_000840205	0	0
476	GCF_001506035	0	0
477	GCF_000885275	0	0
478	GCF_000857865	0	0
479	GCF_000917255	0	0
480	GCF_000915575	0	0
481	GCF_000878935	0	0
482	GCF_002149485	0	0
483	GCF_001736815	0	0
484	GCF_001746055	0	0
485	GCF_000875325	0	0
486	GCF_000874605	0	0
487	GCF_001755585	2	2
488	GCF_000909395	1	1
489	GCF_000840725	0	0
490	GCF_000891755	0	0
491	GCF_000921795	0	0
492	GCF_000901375	0	0
493	GCF_001503615	0	0
494	GCF_000887175	3	3
495	GCF_000905095	0	0
496	GCF_001042135	0	0
497	GCF_001041675	0	0
498	GCF_000837465	0	0
499	GCF_000919395	1	1
500	GCF_000894655	0	0
501	GCF_000902335	2	0
502	GCF_002149345	0	0
503	GCF_000922375	0	0
504	GCF_000842485	0	0
505	GCF_000918535	1	1
506	GCF_000867025	0	0
507	GCF_000901915	2	2
508	GCF_000839865	0	0
509	GCF_000910155	0	0
510	GCF_000920875	0	0
511	GCF_000912555	1	1
512	GCF_000919935	2	2
513	GCF_000914935	0	0
514	GCF_001500715	0	0
515	GCF_000919955	0	0
516	GCF_000886135	0	0
517	GCF_000921855	0	0
518	GCF_001501235	0	0
519	GCF_000898515	1	1
520	GCF_000910135	2	2
521	GCF_001308715	0	0
522	GCF_000903375	0	0
523	GCF_000837405	0	0
524	GCF_000882755	0	0
525	GCF_000899875	1	1
526	GCF_001041035	2	2
527	GCF_000908475	2	2
528	GCF_000874225	2	2
529	GCF_001736495	0	0
530	GCF_000906235	0	0
531	GCF_000880575	1	1
532	GCF_000931335	0	0
533	GCF_000923695	0	0
534	GCF_000904555	0	0
535	GCF_000842885	0	0
536	GCF_001745515	0	0
537	GCF_001502455	3	3
538	GCF_000857125	0	0
539	GCF_001503075	3	3
540	GCF_000864025	0	0
541	GCF_000838705	0	0
542	GCF_001743995	1	1
543	GCF_000921055	1	1
544	GCF_000846285	0	0
545	GCF_002219545	0	0
546	GCF_001440955	0	0
547	GCF_000907455	1	1
548	GCF_001470775	0	0
549	GCF_000982305	2	2
550	GCF_001501675	0	0
551	GCF_000911855	1	1
552	GCF_001500495	0	0
553	GCF_000871185	0	0
554	GCF_000902655	0	0
555	GCF_000865565	0	0
556	GCF_000886295	0	0
557	GCF_000871045	1	1
558	GCF_000915555	0	0
559	GCF_000888395	0	0
560	GCF_000921655	0	0
561	GCF_000904495	0	0
562	GCF_000895775	0	0
563	GCF_000875025	0	0
564	GCF_000837425	1	1
565	GCF_001551685	0	0
566	GCF_000889235	3	3
567	GCF_000899575	0	0
568	GCF_000869505	0	0
569	GCF_000906935	2	2
570	GCF_000917275	0	0
571	GCF_000902695	0	0
572	GCF_000924175	0	0
573	GCF_001755185	1	1
574	GCF_000901195	0	0
575	GCF_001755645	0	0
576	GCF_000906315	0	0
577	GCF_000904115	0	0
578	GCF_000901435	0	0
579	GCF_000900755	3	3
580	GCF_000903555	1	1
581	GCF_000902435	0	0
582	GCF_001505695	0	0
583	GCF_000870025	0	0
584	GCF_000891715	0	0
585	GCF_001470315	1	1
586	GCF_000841645	0	0
587	GCF_000910635	0	0
588	GCF_000955455	2	2
589	GCF_000840705	2	2
590	GCF_000886795	0	0
591	GCF_001754585	0	0
592	GCF_000840305	0	0
593	GCF_001505775	0	0
594	GCF_000921095	0	0
595	GCF_000892295	0	0
596	GCF_000901535	3	3
597	GCF_001470035	0	0
598	GCF_001504335	0	0
599	GCF_000914655	0	0
600	GCF_001736895	1	1
601	GCF_001745675	0	0
602	GCF_000899455	0	0
603	GCF_000900735	0	0
604	GCF_000873125	1	0
605	GCF_000838505	0	0
606	GCF_001501935	3	3
607	GCF_001550945	0	0
608	GCF_001501215	0	0
609	GCF_000907015	0	0
610	GCF_001271235	0	0
611	GCF_000886155	0	0
612	GCF_000886775	0	0
613	GCF_000895875	0	0
614	GCF_001745115	0	0
615	GCF_000847245	0	0
616	GCF_001470755	0	0
617	GCF_001500995	0	0
618	GCF_000916975	0	0
619	GCF_000916955	0	0
620	GCF_001430595	0	0
621	GCF_000870105	0	0
622	GCF_000903875	0	0
623	GCF_000848865	0	0
624	GCF_000859485	0	0
625	GCF_001744235	0	0
626	GCF_000926095	0	0
627	GCF_001502235	3	3
628	GCF_002149765	0	0
629	GCF_001430375	0	0
630	GCF_000901675	0	0
631	GCF_000927575	1	1
632	GCF_000917615	0	0
633	GCF_000902475	0	0
634	GCF_001551085	0	0
635	GCF_000923575	0	0
636	GCF_000873305	0	0
637	GCF_000924895	0	0
638	GCF_000909995	0	0
639	GCF_000917015	0	0
640	GCF_000845025	0	0
641	GCF_000925875	0	0
642	GCF_001755245	1	1
643	GCF_001881795	0	0
644	GCF_000904595	0	0
645	GCF_000839905	1	1
646	GCF_000900815	0	0
647	GCF_000844065	0	0
648	GCF_001516975	0	0
649	GCF_000912395	0	0
650	GCF_000871285	0	0
651	GCF_000924835	1	1
652	GCF_000902315	2	2
653	GCF_000880995	0	0
654	GCF_000910515	3	3
655	GCF_000902895	0	0
656	GCF_001041015	0	0
657	GCF_000912735	0	0
658	GCF_001754345	1	1
659	GCF_000843245	0	0
660	GCF_000867405	0	0
661	GCF_000881715	0	0
662	GCF_001308835	0	0
663	GCF_000880655	0	0
664	GCF_000898775	0	0
665	GCF_000844005	0	0
666	GCF_001744715	0	0
667	GCF_001308335	0	0
668	GCF_000908995	0	0
669	GCF_000849625	0	0
670	GCF_000878975	0	0
671	GCF_001040755	0	0
672	GCF_001754685	0	0
673	GCF_002003795	0	0
674	GCF_000860345	0	0
675	GCF_001736715	0	0
676	GCF_001736635	0	0
677	GCF_001503695	0	0
678	GCF_000839005	0	0
679	GCF_001502335	0	0
680	GCF_001745075	0	0
681	GCF_000910375	0	0
682	GCF_001015325	2	0
683	GCF_000882015	0	0
684	GCF_000901115	0	0
685	GCF_000880255	0	0
686	GCF_000883795	0	0
687	GCF_000861985	0	0
688	GCF_000883895	2	2
689	GCF_000867445	0	0
690	GCF_000903495	2	2
691	GCF_001504135	2	1
692	GCF_000902835	0	0
693	GCF_000903355	0	0
694	GCF_001745235	0	0
695	GCF_001504095	0	0
696	GCF_000863505	3	3
697	GCF_000884475	0	0
698	GCF_000904395	1	1
699	GCF_002149685	0	0
700	GCF_001882295	1	1
701	GCF_000888055	0	0
702	GCF_000906955	0	0
703	GCF_000909635	0	0
704	GCF_000873825	0	0
705	GCF_000901775	1	1
706	GCF_000901055	1	1
707	GCF_001019995	1	1
708	GCF_000886255	0	0
709	GCF_000889075	0	0
710	GCF_001275475	1	1
711	GCF_000872825	0	0
712	GCF_001736735	0	0
713	GCF_001725895	0	0
714	GCF_000897255	0	0
715	GCF_000921155	0	0
716	GCF_001041535	0	0
717	GCF_000903155	2	2
718	GCF_001430575	0	0
719	GCF_001505195	1	1
720	GCF_000917915	0	0
721	GCF_000912955	0	0
722	GCF_000841185	1	1
723	GCF_001504695	0	0
724	GCF_000914455	0	0
725	GCF_000866385	0	0
726	GCF_000899435	0	0
727	GCF_000901275	0	0
728	GCF_000887495	0	0
729	GCF_000892395	0	0
730	GCF_000898815	0	0
731	GCF_000906895	1	1
732	GCF_002210635	0	0
733	GCF_000869125	0	0
734	GCF_000911835	0	0
735	GCF_000926075	0	0
736	GCF_001736435	0	0
737	GCF_000882295	0	0
738	GCF_000847165	0	0
739	GCF_001503515	0	0
740	GCF_000954595	1	1
741	GCF_001743875	0	0
742	GCF_000899355	0	0
743	GCF_000926795	0	0
744	GCF_001503435	1	1
745	GCF_001503235	0	0
746	GCF_001470635	0	0
747	GCF_000899515	0	0
748	GCF_000873765	1	1
749	GCF_000868205	0	0
750	GCF_000866505	0	0
751	GCF_002149725	0	0
752	GCF_001736515	0	0
753	GCF_001745315	2	2
754	GCF_000859725	0	0
755	GCF_000839745	0	0
756	GCF_001695465	0	0
757	GCF_000842165	0	0
758	GCF_000880455	0	0
759	GCF_000905715	0	0
760	GCF_000874205	0	0
761	GCF_001308815	1	1
762	GCF_000903755	0	0
763	GCF_001551045	1	1
764	GCF_000923595	0	0
765	GCF_000911455	0	0
766	GCF_000865925	1	1
767	GCF_001501555	0	0
768	GCF_000903075	0	0
769	GCF_000906875	1	1
770	GCF_000837525	0	0
771	GCF_000908255	2	2
772	GCF_000899895	0	0
773	GCF_000864125	0	0
774	GCF_001470655	0	0
775	GCF_000891815	2	2
776	GCF_000906975	0	0
777	GCF_000871065	0	0
778	GCF_000917815	0	0
779	GCF_001505835	0	0
780	GCF_000930155	0	0
781	GCF_000893255	2	2
782	GCF_000886935	0	0
783	GCF_002005685	0	0
784	GCF_000903895	0	0
785	GCF_001041215	0	0
786	GCF_000894375	0	0
787	GCF_000866405	0	0
788	GCF_000925775	0	0
789	GCF_000869685	1	1
790	GCF_001503315	0	0
791	GCF_000846205	0	0
792	GCF_001430455	2	2
793	GCF_001744635	0	0
794	GCF_001482935	0	0
795	GCF_000902175	0	0
796	GCF_001505515	0	0
797	GCF_000917035	0	0
798	GCF_001745655	0	0
799	GCF_000912375	0	0
800	GCF_000908655	1	1
801	GCF_000844105	0	0
802	GCF_000908775	0	0
803	GCF_000894895	0	0
804	GCF_000917055	1	1
805	GCF_001884695	1	1
806	GCF_001502655	0	0
807	GCF_000907055	2	2
808	GCF_002406395	0	0
809	GCF_001505915	0	0
810	GCF_000923975	0	0
811	GCF_000865825	0	0
812	GCF_001041415	0	0
813	GCF_000908595	1	1
814	GCF_000879675	0	0
815	GCF_001755565	0	0
816	GCF_000924215	0	0
817	GCF_001551725	1	1
818	GCF_000929495	0	0
819	GCF_000874645	0	0
820	GCF_001500415	1	1
821	GCF_000839805	0	0
822	GCF_000842965	0	0
823	GCF_000905415	1	1
824	GCF_000893275	0	0
825	GCF_001501795	0	0
826	GCF_001041655	0	0
827	GCF_000955095	1	1
828	GCF_001654205	0	0
829	GCF_000890095	0	0
830	GCF_000923915	0	0
831	GCF_001505155	1	1
832	GCF_001745335	0	0
833	GCF_000982345	2	2
834	GCF_000843145	0	0
835	GCF_000910715	1	1
836	GCF_000902195	0	0
837	GCF_001755305	0	0
838	GCF_000903475	0	0
839	GCF_001430155	0	0
840	GCF_001737015	0	0
841	GCF_000910255	2	2
842	GCF_000836985	0	0
843	GCF_000923675	0	0
844	GCF_000844585	1	1
845	GCF_000898095	0	0
846	GCF_000920195	0	0
847	GCF_000928095	0	0
848	GCF_000912115	0	0
849	GCF_001505955	0	0
850	GCF_000903995	0	0
851	GCF_000859365	0	0
852	GCF_000871605	0	0
853	GCF_000913835	0	0
854	GCF_000842245	0	0
855	GCF_000840825	0	0
856	GCF_000925455	0	0
857	GCF_000917235	0	0
858	GCF_000846105	3	3
859	GCF_000925015	0	0
860	GCF_001550725	0	0
861	GCF_000909615	0	0
862	GCF_000882895	0	0
863	GCF_001551745	1	1
864	GCF_000881275	0	0
865	GCF_000868945	0	0
866	GCF_000902495	0	0
867	GCF_000917355	1	1
868	GCF_000900515	0	0
869	GCF_000886115	0	0
870	GCF_000847145	0	0
871	GCF_000914775	0	0
872	GCF_000913275	0	0
873	GCF_000919355	1	1
874	GCF_000887415	0	0
875	GCF_001040975	0	0
876	GCF_000871965	3	3
877	GCF_000911475	0	0
878	GCF_000920175	1	1
879	GCF_000882195	0	0
880	GCF_002080215	0	0
881	GCF_000896995	0	0
882	GCF_000889435	0	0
883	GCF_001717215	0	0
884	GCF_001646555	0	0
885	GCF_000841685	0	0
886	GCF_001505095	1	1
887	GCF_000925895	0	0
888	GCF_001500695	0	0
889	GCF_001019915	2	2
890	GCF_000847045	5	5
891	GCF_000954735	1	1
892	GCF_000908915	0	0
893	GCF_001504195	2	2
894	GCF_000919415	0	0
895	GCF_000910075	0	0
896	GCF_000870165	0	0
897	GCF_000896335	0	0
898	GCF_000923495	0	0
899	GCF_001504255	0	0
900	GCF_000841365	1	1
901	GCF_000899615	1	1
902	GCF_000858785	0	0
903	GCF_000903055	3	3
904	GCF_000929555	0	0
905	GCF_001884575	0	0
906	GCF_000904035	0	0
907	GCF_001534635	0	0
908	GCF_000900455	0	0
909	GCF_001714535	0	0
910	GCF_001271175	0	0
911	GCF_000913695	0	0
912	GCF_000879095	0	0
913	GCF_000900315	1	1
914	GCF_001746175	0	0
915	GCF_000908455	1	1
916	GCF_000844485	1	1
917	GCF_001503035	0	0
918	GCF_000846965	0	0
919	GCF_000864305	0	0
920	GCF_000866005	0	0
921	GCF_002149585	0	0
922	GCF_001502435	1	1
923	GCF_000911295	0	0
924	GCF_000842385	0	0
925	GCF_000914055	0	0
926	GCF_001736955	0	0
927	GCF_000858605	0	0
928	GCF_001504235	0	0
929	GCF_001505215	0	0
930	GCF_001754145	1	1
931	GCF_000890895	0	0
932	GCF_000857685	0	0
933	GCF_000842725	0	0
934	GCF_000840345	0	0
935	GCF_002211055	0	0
936	GCF_001504375	0	0
937	GCF_000839125	2	2
938	GCF_001884615	2	2
939	GCF_000890875	0	0
940	GCF_000858545	0	0
941	GCF_000901355	0	0
942	GCF_001430015	0	0
943	GCF_000872205	0	0
944	GCF_000908555	0	0
945	GCF_001736535	1	1
946	GCF_000905255	0	0
947	GCF_000927475	0	0
948	GCF_002006915	0	0
949	GCF_000843305	0	0
950	GCF_000879615	0	0
951	GCF_000857045	0	0
952	GCF_000873385	1	1
953	GCF_001502715	0	0
954	GCF_001042235	0	0
955	GCF_000903915	0	0
956	GCF_001504895	0	0
957	GCF_000925915	1	1
958	GCF_000869005	0	0
959	GCF_000873965	0	0
960	GCF_000867865	0	0
961	GCF_000891855	0	0
962	GCF_000912295	0	0
963	GCF_000841485	0	0
964	GCF_001887825	4	4
965	GCF_001505135	0	0
966	GCF_000895295	1	0
967	GCF_001744435	0	0
968	GCF_000955355	0	0
969	GCF_001745155	0	0
970	GCF_000889695	0	0
971	GCF_001308515	2	2
972	GCF_000847185	0	0
973	GCF_002153865	0	0
974	GCF_001190315	0	0
975	GCF_001736835	1	1
976	GCF_002219585	0	0
977	GCF_000869225	0	0
978	GCF_000837145	0	0
979	GCF_000915835	0	0
980	GCF_001737135	1	1
981	GCF_000860225	0	0
982	GCF_000884575	1	1
983	GCF_000907095	0	0
984	GCF_000845445	1	1
985	GCF_000916235	0	0
986	GCF_001744055	0	0
987	GCF_000845985	0	0
988	GCF_001754405	0	0
989	GCF_000920595	0	0
990	GCF_001501495	0	0
991	GCF_000955015	0	0
992	GCF_002221805	1	1
993	GCF_000860325	0	0
994	GCF_000913295	2	2
995	GCF_001500435	0	0
996	GCF_000873225	0	0
997	GCF_002118845	0	0
998	GCF_001041875	1	1
999	GCF_001504655	0	0
1000	GCF_001503055	0	0
1001	GCF_001551765	0	0
1002	GCF_002158615	0	0
1003	GCF_001505855	0	0
1004	GCF_000895115	1	1
1005	GCF_000914715	0	0
1006	GCF_000913115	0	0
1007	GCF_000909715	1	1
1008	GCF_000903095	1	1
1009	GCF_000925795	0	0
1010	GCF_000845005	1	1
1011	GCF_000896755	1	1
1012	GCF_001501695	1	1
1013	GCF_000896615	1	1
1014	GCF_001505655	0	0
1015	GCF_000847965	0	0
1016	GCF_000914255	0	0
1017	GCF_000928115	0	0
1018	GCF_000870385	0	0
1019	GCF_000900475	0	0
1020	GCF_001505275	0	0
1021	GCF_000912195	0	0
1022	GCF_000884895	1	1
1023	GCF_000846305	2	2
1024	GCF_001645975	0	0
1025	GCF_000873625	0	0
1026	GCF_000954615	0	0
1027	GCF_001745095	0	0
1028	GCF_001470395	1	1
1029	GCF_000843745	0	0
1030	GCF_000916215	0	0
1031	GCF_001744255	0	0
1032	GCF_001505995	0	0
1033	GCF_000842345	0	0
1034	GCF_000889395	4	4
1035	GCF_000916655	0	0
1036	GCF_001907925	0	0
1037	GCF_000868485	0	0
1038	GCF_001755225	0	0
1039	GCF_002080335	0	0
1040	GCF_000872225	0	0
1041	GCF_000929075	0	0
1042	GCF_000895335	0	0
1043	GCF_000914615	0	0
1044	GCF_001550505	0	0
1045	GCF_001504955	3	3
1046	GCF_001038595	0	0
1047	GCF_000867845	0	0
1048	GCF_000859545	3	3
1049	GCF_000843725	0	0
1050	GCF_000867625	0	0
1051	GCF_001755605	1	1
1052	GCF_000900555	1	1
1053	GCF_000900875	0	0
1054	GCF_000843065	1	1
1055	GCF_000917795	1	1
1056	GCF_000902855	0	0
1057	GCF_000892455	2	2
1058	GCF_000902875	0	0
1059	GCF_002270625	0	0
1060	GCF_000923135	0	0
1061	GCF_000914595	1	1
1062	GCF_000906035	2	2
1063	GCF_001504475	0	0
1064	GCF_000843225	0	0
1065	GCF_000840165	0	0
1066	GCF_001190435	0	0
1067	GCF_001755025	0	0
1068	GCF_002149625	0	0
1069	GCF_000919975	0	0
1070	GCF_000843605	1	1
1071	GCF_000929995	0	0
1072	GCF_000982325	1	1
1073	GCF_000915175	0	0
1074	GCF_002219765	0	0
1075	GCF_000955335	0	0
1076	GCF_000916835	1	1
1077	GCF_000874305	0	0
1078	GCF_000871385	0	0
1079	GCF_001504995	1	1
1080	GCF_000897215	0	0
1081	GCF_000912915	0	0
1082	GCF_000837485	0	0
1083	GCF_000909775	0	0
1084	GCF_000955415	0	0
1085	GCF_000849825	0	0
1086	GCF_000844345	1	1
1087	GCF_000881295	0	0
1088	GCF_001500655	0	0
1089	GCF_001274405	0	0
1090	GCF_000883095	0	0
1091	GCF_001501775	1	1
1092	GCF_000863805	0	0
1093	GCF_000913855	0	0
1094	GCF_000845085	0	0
1095	GCF_001714395	0	0
1096	GCF_000918815	0	0
1097	GCF_000847325	0	0
1098	GCF_002037755	0	0
1099	GCF_000863745	0	0
1100	GCF_001629825	0	0
1101	GCF_000904255	0	0
1102	GCF_000887035	0	0
1103	GCF_000920075	0	0
1104	GCF_000873685	18	18
1105	GCF_001430435	0	0
1106	GCF_001275515	0	0
1107	GCF_000894035	1	1
1108	GCF_000909855	2	2
1109	GCF_000874185	0	0
1110	GCF_000845485	0	0
1111	GCF_002277885	2	2
1112	GCF_000926115	0	0
1113	GCF_000899475	0	0
1114	GCF_000905395	1	1
1115	GCF_002149225	0	0
1116	GCF_000920935	0	0
1117	GCF_001500595	1	1
1118	GCF_001551445	1	1
1119	GCF_001501075	0	0
1120	GCF_001746135	0	0
1121	GCF_000860085	0	0
1122	GCF_000860365	1	1
1123	GCF_001714415	0	0
1124	GCF_001308555	2	1
1125	GCF_000909335	0	0
1126	GCF_001755685	1	1
1127	GCF_002149385	0	0
1128	GCF_000897755	0	0
1129	GCF_000884275	0	0
1130	GCF_000898995	1	1
1131	GCF_001744675	0	0
1132	GCF_000914675	2	2
1133	GCF_001744395	0	0
1134	GCF_001502055	0	0
1135	GCF_001190735	0	0
1136	GCF_000898375	0	0
1137	GCF_000913475	0	0
1138	GCF_001745355	0	0
1139	GCF_002005665	0	0
1140	GCF_000869985	0	0
1141	GCF_000901815	0	0
1142	GCF_002114045	0	0
1143	GCF_000915815	0	0
1144	GCF_000928315	0	0
1145	GCF_000899395	0	0
1146	GCF_001744035	0	0
1147	GCF_000837265	0	0
1148	GCF_000892675	0	0
1149	GCF_001551225	0	0
1150	GCF_000874245	1	1
1151	GCF_000905755	0	0
1152	GCF_000891215	0	0
1153	GCF_001551125	0	0
1154	GCF_001722965	0	0
1155	GCF_001507515	2	2
1156	GCF_001470215	1	1
1157	GCF_001471035	1	1
1158	GCF_000923735	0	0
1159	GCF_000922755	1	1
1160	GCF_000870225	0	0
1161	GCF_000859685	0	0
1162	GCF_000928875	0	0
1163	GCF_000873245	0	0
1164	GCF_000841385	0	0
1165	GCF_001502555	0	0
1166	GCF_000925715	0	0
1167	GCF_000919375	0	0
1168	GCF_001550865	0	0
1169	GCF_000922975	0	0
1170	GCF_000881695	0	0
1171	GCF_001517035	1	1
1172	GCF_001501875	0	0
1173	GCF_000907635	0	0
1174	GCF_000873725	0	0
1175	GCF_000904975	0	0
1176	GCF_000848825	1	1
1177	GCF_001924155	0	0
1178	GCF_001041235	0	0
1179	GCF_000911115	0	0
1180	GCF_001470875	0	0
1181	GCF_000846265	0	0
1182	GCF_001745975	1	1
1183	GCF_000894715	1	1
1184	GCF_001743795	0	0
1185	GCF_000914115	2	2
1186	GCF_000899655	1	1
1187	GCF_000870325	0	0
1188	GCF_001505615	2	2
1189	GCF_000916855	0	0
1190	GCF_001465105	0	0
1191	GCF_002080195	0	0
1192	GCF_000843785	1	1
1193	GCF_001500875	0	0
1194	GCF_001042055	0	0
1195	GCF_000910855	1	1
1196	GCF_000894175	0	0
1197	GCF_000893335	0	0
1198	GCF_000918315	3	3
1199	GCF_000874665	0	0
1200	GCF_000903275	0	0
1201	GCF_000894855	0	0
1202	GCF_000895855	0	0
1203	GCF_002149405	0	0
1204	GCF_000920255	2	2
1205	GCF_000922495	1	1
1206	GCF_000918635	0	0
1207	GCF_000885895	0	0
1208	GCF_000836865	0	0
1209	GCF_000900055	0	0
1210	GCF_000898855	0	0
1211	GCF_001743835	0	0
1212	GCF_001744355	0	0
1213	GCF_001745015	0	0
1214	GCF_000858305	0	0
1215	GCF_001470475	0	0
1216	GCF_000868285	0	0
1217	GCF_001551345	1	1
1218	GCF_001745135	0	0
1219	GCF_000858385	0	0
1220	GCF_000881435	0	0
1221	GCF_000875425	1	1
1222	GCF_000908755	0	0
1223	GCF_000897195	0	0
1224	GCF_000910655	0	0
1225	GCF_001505295	1	1
1226	GCF_000880375	0	0
1227	GCF_001308455	0	0
1228	GCF_000913815	0	0
1229	GCF_001505035	0	0
1230	GCF_000883075	0	0
1231	GCF_000915775	0	0
1232	GCF_001461525	0	0
1233	GCF_001736595	0	0
1234	GCF_000841805	0	0
1235	GCF_000864925	0	0
1236	GCF_000879155	0	0
1237	GCF_000914535	0	0
1238	GCF_000917635	1	1
1239	GCF_000842425	0	0
1240	GCF_000866705	0	0
1241	GCF_001500915	0	0
1242	GCF_000886415	0	0
1243	GCF_000912575	0	0
1244	GCF_000884315	0	0
1245	GCF_001744135	1	1
1246	GCF_002149305	4	4
1247	GCF_002270605	0	0
1248	GCF_001501315	0	0
1249	GCF_001501575	0	0
1250	GCF_001502675	1	1
1251	GCF_000904475	0	0
1252	GCF_000906095	0	0
1253	GCF_000912975	0	0
1254	GCF_000906015	0	0
1255	GCF_000903655	0	0
1256	GCF_000863685	0	0
1257	GCF_000903395	1	1
1258	GCF_000920215	0	0
1259	GCF_000859765	0	0
1260	GCF_001745795	1	1
1261	GCF_000910835	4	4
1262	GCF_000879855	0	0
1263	GCF_000914155	0	0
1264	GCF_001551025	0	0
1265	GCF_001503595	0	0
1266	GCF_000890675	0	0
1267	GCF_000875505	1	1
1268	GCF_000911315	0	0
1269	GCF_000882215	0	0
1270	GCF_000900215	0	0
1271	GCF_000837685	1	1
1272	GCF_000906075	1	1
1273	GCF_000954715	2	2
1274	GCF_000903215	1	1
1275	GCF_001504435	1	1
1276	GCF_001500575	0	0
1277	GCF_000929535	0	0
1278	GCF_000890775	0	0
1279	GCF_000920235	0	0
1280	GCF_001745455	1	1
1281	GCF_000916335	0	0
1282	GCF_000917315	2	2
1283	GCF_000857885	0	0
1284	GCF_000840625	2	2
1285	GCF_001646375	0	0
1286	GCF_001881735	0	0
1287	GCF_000901715	0	0
1288	GCF_000925935	0	0
1289	GCF_001505715	0	0
1290	GCF_000916995	0	0
1291	GCF_000887555	0	0
1292	GCF_001882255	0	0
1293	GCF_000923655	0	0
1294	GCF_000898295	0	0
1295	GCF_001881935	1	1
1296	GCF_000911075	0	0
1297	GCF_001745955	0	0
1298	GCF_000924975	1	1
1299	GCF_000909275	0	0
1300	GCF_000920035	0	0
1301	GCF_000902055	0	0
1302	GCF_001744275	0	0
1303	GCF_002037815	0	0
1304	GCF_000923055	0	0
1305	GCF_000911575	1	1
1306	GCF_000858485	0	0
1307	GCF_000870365	0	0
1308	GCF_000839785	0	0
1309	GCF_001504855	0	0
1310	GCF_002037715	0	0
1311	GCF_000888015	0	0
1312	GCF_000837085	0	0
1313	GCF_001736395	1	1
1314	GCF_001502835	0	0
1315	GCF_001041715	0	0
1316	GCF_001503835	0	0
1317	GCF_000841865	0	0
1318	GCF_001501295	0	0
1319	GCF_000857025	0	0
1320	GCF_001551365	1	1
1321	GCF_000900195	0	0
1322	GCF_000908135	0	0
1323	GCF_000873805	0	0
1324	GCF_000907915	0	0
1325	GCF_000873645	0	0
1326	GCF_000843985	0	0
1327	GCF_000982285	0	0
1328	GCF_000907895	0	0
1329	GCF_000837385	0	0
1330	GCF_001714375	0	0
1331	GCF_000926755	0	0
1332	GCF_001399285	3	3
1333	GCF_002158595	0	0
1334	GCF_000886755	1	1
1335	GCF_000875305	0	0
1336	GCF_000897795	0	0
1337	GCF_000839045	0	0
1338	GCF_000930755	0	0
1339	GCF_001646155	0	0
1340	GCF_001503755	0	0
1341	GCF_000843445	0	0
1342	GCF_001041095	0	0
1343	GCF_001995575	0	0
1344	GCF_000875445	0	0
1345	GCF_001746035	1	1
1346	GCF_000865345	0	0
1347	GCF_001471055	0	0
1348	GCF_000870005	2	2
1349	GCF_000889175	0	0
1350	GCF_000903635	0	0
1351	GCF_000874465	0	0
1352	GCF_001190715	0	0
1353	GCF_000898895	0	0
1354	GCF_001974335	0	0
1355	GCF_000865365	0	0
1356	GCF_001737095	1	1
1357	GCF_000929515	0	0
1358	GCF_000840645	0	0
1359	GCF_000911915	0	0
1360	GCF_001465085	0	0
1361	GCF_000922075	0	0
1362	GCF_001440875	0	0
1363	GCF_000846345	0	0
1364	GCF_001736935	1	1
1365	GCF_001550905	2	2
1366	GCF_000844625	0	0
1367	GCF_001019975	0	0
1368	GCF_001500355	0	0
1369	GCF_000893675	0	0
1370	GCF_001501035	0	0
1371	GCF_000858645	0	0
1372	GCF_000954635	0	0
1373	GCF_000908535	0	0
1374	GCF_000906055	0	0
1375	GCF_000838885	0	0
1376	GCF_001743655	1	1
1377	GCF_000905695	0	0
1378	GCF_001042255	1	1
1379	GCF_000858585	0	0
1380	GCF_000929035	0	0
1381	GCF_000904535	2	2
1382	GCF_000427115	0	0
1383	GCF_001274345	0	0
1384	GCF_000914555	0	0
1385	GCF_000846725	1	1
1386	GCF_002163405	0	0
1387	GCF_000916415	0	0
1388	GCF_000901515	1	1
1389	GCF_002114005	0	0
1390	GCF_000889215	0	0
1391	GCF_000911255	0	0
1392	GCF_000910235	0	0
1393	GCF_000864945	0	0
1394	GCF_000929475	0	0
1395	GCF_000923155	0	0
1396	GCF_001042175	1	1
1397	GCF_000902515	1	1
1398	GCF_000868305	0	0
1399	GCF_000924955	0	0
1400	GCF_000901795	0	0
1401	GCF_002219945	0	0
1402	GCF_000987735	3	3
1403	GCF_000885475	0	0
1404	GCF_001470815	0	0
1405	GCF_000890335	0	0
1406	GCF_000904955	0	0
1407	GCF_000885095	0	0
1408	GCF_000897835	0	0
1409	GCF_000928075	0	0
1410	GCF_001041435	0	0
1411	GCF_001744515	0	0
1412	GCF_000907495	0	0
1413	GCF_000857605	0	0
1414	GCF_000880595	0	0
1415	GCF_000887055	1	1
1416	GCF_001754365	1	1
1417	GCF_000857005	0	0
1418	GCF_002354965	0	0
1419	GCF_000837665	0	0
1420	GCF_001744015	0	0
1421	GCF_000887755	0	0
1422	GCF_001040995	0	0
1423	GCF_000922735	0	0
1424	GCF_000918655	0	0
1425	GCF_000864505	0	0
1426	GCF_000896095	0	0
1427	GCF_000905655	0	0
1428	GCF_000873085	0	0
1429	GCF_000848085	0	0
1430	GCF_001551505	2	2
1431	GCF_000927175	0	0
1432	GCF_000897175	0	0
1433	GCF_000869865	0	0
1434	GCF_001470195	0	0
1435	GCF_000913235	1	1
1436	GCF_000888735	0	0
1437	GCF_000930595	0	0
1438	GCF_000840585	0	0
1439	GCF_000903175	1	1
1440	GCF_000968995	0	0
1441	GCF_000890635	0	0
1442	GCF_000888635	0	0
1443	GCF_000900715	0	0
1444	GCF_000846125	1	1
1445	GCF_000843685	0	0
1446	GCF_000902135	0	0
1447	GCF_002149565	0	0
1448	GCF_002149505	0	0
1449	GCF_000892975	0	0
1450	GCF_001501155	0	0
1451	GCF_000873545	0	0
1452	GCF_000885255	0	0
1453	GCF_001754165	2	2
1454	GCF_000890815	0	0
1455	GCF_000898175	0	0
1456	GCF_001470955	0	0
1457	GCF_000920835	0	0
1458	GCF_000901995	0	0
1459	GCF_000913995	0	0
1460	GCF_000954295	0	0
1461	GCF_000888035	0	0
1462	GCF_000893295	2	2
1463	GCF_000838825	0	0
1464	GCF_002149205	0	0
1465	GCF_000871585	0	0
1466	GCF_001505115	1	1
1467	GCF_001430095	0	0
1468	GCF_001504075	0	0
1469	GCF_000872725	0	0
1470	GCF_000841165	0	0
1471	GCF_000904415	1	1
1472	GCF_001470675	3	3
1473	GCF_000871365	0	0
1474	GCF_000915135	0	0
1475	GCF_000982365	1	1
1476	GCF_001885505	0	0
1477	GCF_001500475	0	0
1478	GCF_000849685	0	0
1479	GCF_001516995	0	0
1480	GCF_001501115	1	1
1481	GCF_000881475	0	0
1482	GCF_000911935	0	0
1483	GCF_000889975	0	0
1484	GCF_000846045	0	0
1485	GCF_000891615	0	0
1486	GCF_000897055	0	0
1487	GCF_001470295	0	0
1488	GCF_000890555	0	0
1489	GCF_000896275	0	0
1490	GCF_001744915	0	0
1491	GCF_000881555	1	1
1492	GCF_000873565	0	0
1493	GCF_002149645	2	2
1494	GCF_000892495	1	1
1495	GCF_000870665	0	0
1496	GCF_000914735	0	0
1497	GCF_001501055	0	0
1498	GCF_001447065	2	1
1499	GCF_000912755	0	0
1500	GCF_001505755	1	1
1501	GCF_000839325	0	0
1502	GCF_001744615	0	0
1503	GCF_000890075	1	1
1504	GCF_000884655	0	0
1505	GCF_000918735	1	1
1506	GCF_001500515	1	1
1507	GCF_000892955	0	0
1508	GCF_000872405	0	0
1509	GCF_000902755	1	1
1510	GCF_001015285	0	0
1511	GCF_001502615	1	1
1512	GCF_000918575	0	0
1513	GCF_001042195	0	0
1514	GCF_000860185	0	0
1515	GCF_000902535	4	2
1516	GCF_000913775	0	0
1517	GCF_000873845	2	2
1518	GCF_001041315	0	0
1519	GCF_000844185	0	0
1520	GCF_001041115	1	1
1521	GCF_001470855	0	0
1522	GCF_000874865	0	0
1523	GCF_000899375	0	0
1524	GCF_001517015	0	0
1525	GCF_000907375	0	0
1526	GCF_000861945	0	0
1527	GCF_000890235	0	0
1528	GCF_001399265	2	2
1529	GCF_001745935	2	2
1530	GCF_001745195	0	0
1531	GCF_000913075	0	0
1532	GCF_001550825	1	1
1533	GCF_001579395	0	0
1534	GCF_000902735	1	1
1535	GCF_000906335	1	1
1536	GCF_000910595	0	0
1537	GCF_000858425	0	0
1538	GCF_001042295	0	0
1539	GCF_001470175	0	0
1540	GCF_001504975	0	0
1541	GCF_000911515	1	1
1542	GCF_001754785	1	1
1543	GCF_001736755	0	0
1544	GCF_000928575	3	3
1545	GCF_001470795	0	0
1546	GCF_001551705	0	0
1547	GCF_000881515	0	0
1548	GCF_001744315	1	1
1549	GCF_001505355	1	1
1550	GCF_001502475	0	0
1551	GCF_000843345	0	0
1552	GCF_000909935	2	2
1553	GCF_001502635	1	1
1554	GCF_001501175	0	0
1555	GCF_001041135	0	0
1556	GCF_000909255	0	0
1557	GCF_000903295	0	0
1558	GCF_002157455	0	0
1559	GCF_000839965	0	0
1560	GCF_000846685	0	0
1561	GCF_000869845	0	0
1562	GCF_000865665	0	0
1563	GCF_001504915	1	1
1564	GCF_000873005	0	0
1565	GCF_001308535	1	1
1566	GCF_001505975	1	1
1567	GCF_000899735	0	0
1568	GCF_000901015	1	1
1569	GCF_000954695	2	2
1570	GCF_000921995	0	0
1571	GCF_001041455	0	0
1572	GCF_000860565	0	0
1573	GCF_000893455	0	0
1574	GCF_000916275	0	0
1575	GCF_000918775	0	0
1576	GCF_000922675	0	0
1577	GCF_000922695	0	0
1578	GCF_000890795	0	0
1579	GCF_000837225	0	0
1580	GCF_001505875	0	0
1581	GCF_000879455	0	0
1582	GCF_002149545	0	0
1583	GCF_000913715	0	0
1584	GCF_000928035	0	0
1585	GCF_000930695	0	0
1586	GCF_000903335	2	2
1587	GCF_000903695	0	0
1588	GCF_000921635	0	0
1589	GCF_000842285	0	0
1590	GCF_000874785	0	0
1591	GCF_000912495	1	1
1592	GCF_001974475	0	0
1593	GCF_000857185	0	0
1594	GCF_000891995	1	1
1595	GCF_000910555	0	0
1596	GCF_000892475	3	3
1597	GCF_001041995	0	0
1598	GCF_000883495	0	0
1599	GCF_001550485	0	0
1600	GCF_000904895	0	0
1601	GCF_000880555	0	0
1602	GCF_000900255	0	0
1603	GCF_001630005	0	0
1604	GCF_000907675	2	1
1605	GCF_000880395	0	0
1606	GCF_000874045	1	1
1607	GCF_000890195	0	0
1608	GCF_000930535	0	0
1609	GCF_000868145	0	0
1610	GCF_000922775	0	0
1611	GCF_000427175	0	0
1612	GCF_000841665	0	0
1613	GCF_001470235	0	0
1614	GCF_000887075	0	0
1615	GCF_000989095	0	0
1616	GCF_000863705	0	0
1617	GCF_001041295	0	0
1618	GCF_000907595	3	3
1619	GCF_001503415	0	0
1620	GCF_000867605	0	0
1621	GCF_002158715	0	0
1622	GCF_000901095	1	1
1623	GCF_000917295	1	1
1624	GCF_000859665	0	0
1625	GCF_001470735	0	0
1626	GCF_000892775	1	1
1627	GCF_000837745	0	0
1628	GCF_001503635	0	0
1629	GCF_000846825	0	0
1630	GCF_000910795	0	0
1631	GCF_000859345	0	0
1632	GCF_000860205	0	0
1633	GCF_001502595	0	0
1634	GCF_000910475	2	2
1635	GCF_000891895	0	0
1636	GCF_002158755	0	0
1637	GCF_000871665	1	1
1638	GCF_001963235	0	0
1639	GCF_000902915	1	1
1640	GCF_001399245	1	1
1641	GCF_000913375	0	0
1642	GCF_000904375	0	0
1643	GCF_000906155	2	2
1644	GCF_001505735	0	0
1645	GCF_000916255	0	0
1646	GCF_002149445	0	0
1647	GCF_000906395	0	0
1648	GCF_000842705	0	0
1649	GCF_000910895	2	2
1650	GCF_001551665	0	0
1651	GCF_000897135	0	0
1652	GCF_001502935	2	2
1653	GCF_000926335	0	0
1654	GCF_002149665	2	2
1655	GCF_000871125	0	0
1656	GCF_001184945	0	0
1657	GCF_000867225	0	0
1658	GCF_001502275	0	0
1659	GCF_000869325	0	0
1660	GCF_000893555	2	2
1661	GCF_001504455	0	0
1662	GCF_000908715	0	0
1663	GCF_000904915	0	0
1664	GCF_000907955	0	0
1665	GCF_000905495	2	2
1666	GCF_001743855	0	0
1667	GCF_000893915	0	0
1668	GCF_000919755	0	0
1669	GCF_002149285	0	0
1670	GCF_000882235	0	0
1671	GCF_000912075	0	0
1672	GCF_000914795	0	0
1673	GCF_000908735	2	2
1674	GCF_000839105	0	0
1675	GCF_000907715	2	2
1676	GCF_000858005	0	0
1677	GCF_000905895	0	0
1678	GCF_001501535	0	0
1679	GCF_000891035	1	1
1680	GCF_001881975	0	0
1681	GCF_000920155	1	1
1682	GCF_001503495	0	0
1683	GCF_000841885	3	3
1684	GCF_000920375	0	0
1685	GCF_000838905	0	0
1686	GCF_000838265	0	0
1687	GCF_000882995	2	2
1688	GCF_002219465	0	0
1689	GCF_000845925	0	0
1690	GCF_000885455	0	0
1691	GCF_000904875	0	0
1692	GCF_000913555	1	1
1693	GCF_001501955	0	0
1694	GCF_000837945	0	0
1695	GCF_000840885	3	3
1696	GCF_000913615	0	0
1697	GCF_000900375	0	0
1698	GCF_001503995	0	0
1699	GCF_000841405	0	0
1700	GCF_000920015	0	0
1701	GCF_000905915	0	0
1702	GCF_000922335	5	5
1703	GCF_000873505	0	0
1704	GCF_001534595	1	1
1705	GCF_000906215	2	2
1706	GCF_000874765	0	0
1707	GCF_000866825	0	0
1708	GCF_000921175	0	0
1709	GCF_001504495	0	0
1710	GCF_001550685	1	1
1711	GCF_000908055	2	2
1712	GCF_002158675	0	0
1713	GCF_000916495	0	0
1714	GCF_000903815	0	0
1715	GCF_000881855	1	1
1716	GCF_000920895	0	0
1717	GCF_000881655	1	1
1718	GCF_000880215	1	1
1719	GCF_000903675	0	0
1720	GCF_000859585	4	4
1721	GCF_000845805	0	0
1722	GCF_001504675	0	0
1723	GCF_000866745	3	3
1724	GCF_000921315	0	0
1725	GCF_000869145	0	0
1726	GCF_000924195	0	0
1727	GCF_000900795	0	0
1728	GCF_001736375	0	0
1729	GCF_000867045	0	0
1730	GCF_000912035	0	0
1731	GCF_000841925	0	0
1732	GCF_001500795	0	0
1733	GCF_001501895	0	0
1734	GCF_000900335	0	0
1735	GCF_000899055	0	0
1736	GCF_001743615	1	1
1737	GCF_001470835	0	0
1738	GCF_001885525	0	0
1739	GCF_000915095	0	0
1740	GCF_000888535	0	0
1741	GCF_000910815	0	0
1742	GCF_000871985	0	0
1743	GCF_000887155	0	0
1744	GCF_000903955	0	0
1745	GCF_000868705	0	0
1746	GCF_001744815	0	0
1747	GCF_001743695	0	0
1748	GCF_001754725	0	0
1749	GCF_000856885	0	0
1750	GCF_001310155	0	0
1751	GCF_000867345	0	0
1752	GCF_000899635	1	1
1753	GCF_000924995	1	1
1754	GCF_000838485	0	0
1755	GCF_001882315	0	0
1756	GCF_001041835	0	0
1757	GCF_000921015	0	0
1758	GCF_000884175	0	0
1759	GCF_001505015	0	0
1760	GCF_000900835	0	0
1761	GCF_000922035	1	0
1762	GCF_000894275	0	0
1763	GCF_000916475	1	1
1764	GCF_000917135	1	1
1765	GCF_001754285	1	1
1766	GCF_000908795	1	1
1767	GCF_000919435	0	0
1768	GCF_001504875	0	0
1769	GCF_000913655	0	0
1770	GCF_000927975	0	0
1771	GCF_001503855	0	0
1772	GCF_000871645	0	0
1773	GCF_001042275	1	1
1774	GCF_001310175	1	1
1775	GCF_000847005	0	0
1776	GCF_001015305	0	0
1777	GCF_001500935	0	0
1778	GCF_002829825	0	0
1779	GCF_000869205	0	0
1780	GCF_001431935	0	0
1781	GCF_000859445	0	0
1782	GCF_002149605	0	0
1783	GCF_000917715	3	3
1784	GCF_000914095	0	0
1785	GCF_000863965	0	0
1786	GCF_000837785	0	0
1787	GCF_001041955	0	0
1788	GCF_000883535	0	0
1789	GCF_000924355	0	0
1790	GCF_000862685	0	0
1791	GCF_000928835	0	0
1792	GCF_001503395	0	0
1793	GCF_000920955	0	0
1794	GCF_000870645	0	0
1795	GCF_000859465	0	0
1796	GCF_001744975	0	0
1797	GCF_001737055	0	0
1798	GCF_001882075	0	0
1799	GCF_002118645	0	0
1800	GCF_000907035	0	0
1801	GCF_001502515	0	0
1802	GCF_000836965	0	0
1803	GCF_001470115	0	0
1804	GCF_001678255	0	0
1805	GCF_000842365	0	0
1806	GCF_000883655	0	0
1807	GCF_000921135	0	0
1808	GCF_000900695	0	0
1809	GCF_000913935	0	0
1810	GCF_000880495	0	0
1811	GCF_001040775	0	0
1812	GCF_000887715	0	0
1813	GCF_001041275	0	0
1814	GCF_000907415	3	3
1815	GCF_000912535	0	0
1816	GCF_000885915	0	0
1817	GCF_000918675	0	0
1818	GCF_000890655	0	0
1819	GCF_000911555	1	1
1820	GCF_000883415	0	0
1821	GCF_000915795	2	2
1822	GCF_001502855	1	2
1823	GCF_000913195	0	0
1824	GCF_000867885	0	0
1825	GCF_001190085	0	0
1826	GCF_000891495	0	0
1827	GCF_000927535	2	2
1828	GCF_000916375	1	1
1829	GCF_000872125	0	0
1830	GCF_000925755	0	0
1831	GCF_000898275	0	0
1832	GCF_001754385	0	0
1833	GCF_000920815	0	0
1834	GCF_000898435	0	0
1835	GCF_000899095	2	2
1836	GCF_001504055	0	0
1837	GCF_001743975	0	0
1838	GCF_001308395	2	2
1839	GCF_000919235	1	1
1840	GCF_000872425	2	2
1841	GCF_000880275	0	0
1842	GCF_001504175	1	1
1843	GCF_001470995	0	0
1844	GCF_000906795	0	0
1845	GCF_002004275	0	0
1846	GCF_000847285	0	0
1847	GCF_001470275	0	0
1848	GCF_000915615	0	0
1849	GCF_000918555	0	0
1850	GCF_000921935	1	1
1851	GCF_000912675	0	0
1852	GCF_000870285	0	0
1853	GCF_000911715	1	1
1854	GCF_000838845	0	0
1855	GCF_000911795	0	0
1856	GCF_000909215	0	0
1857	GCF_001745615	0	0
1858	GCF_000903715	0	0
1859	GCF_000839465	1	1
1860	GCF_001041515	0	0
1861	GCF_000895615	0	0
1862	GCF_002158815	0	0
1863	GCF_000865225	2	2
1864	GCF_000910535	2	2
1865	GCF_001550645	1	1
1866	GCF_001505795	0	0
1867	GCF_000911215	0	0
1868	GCF_000848045	0	0
1869	GCF_000845685	0	0
1870	GCF_000905115	0	0
1871	GCF_000969095	0	0
1872	GCF_000900035	0	0
1873	GCF_000880695	0	0
1874	GCF_000895835	0	0
1875	GCF_000906915	1	1
1876	GCF_000907435	1	1
1877	GCF_001743675	0	0
1878	GCF_000902075	1	1
1879	GCF_000839345	0	0
1880	GCF_001502575	4	4
1881	GCF_000925735	0	0
1882	GCF_000866865	0	0
1883	GCF_000838765	0	0
1884	GCF_001744795	0	0
1885	GCF_000900635	0	0
1886	GCF_001190455	0	0
1887	GCF_002374915	0	0
1888	GCF_001041735	1	1
1889	GCF_000898415	1	1
1890	GCF_000885515	0	0
1891	GCF_000884755	0	0
1892	GCF_001399225	2	2
1893	GCF_000911055	0	0
1894	GCF_001736455	0	0
1895	GCF_000863985	0	0
1896	GCF_001505075	0	0
1897	GCF_000872005	0	0
1898	GCF_001736615	1	1
1899	GCF_000867825	2	2
1900	GCF_000896635	0	0
1901	GCF_001503375	1	1
1902	GCF_000891015	1	1
1903	GCF_001743755	0	0
1904	GCF_002271065	0	0
1905	GCF_001754245	2	2
1906	GCF_000873905	1	1
1907	GCF_000901575	1	1
1908	GCF_000928515	0	0
1909	GCF_001430655	1	1
1910	GCF_000843545	0	0
1911	GCF_000899855	0	0
1912	GCF_000922355	0	0
1913	GCF_001904845	0	0
1914	GCF_001502375	0	0
1915	GCF_001041375	0	0
1916	GCF_000898795	0	0
1917	GCF_001308795	0	0
1918	GCF_001308415	1	1
1919	GCF_000847945	0	0
1920	GCF_000842585	0	0
1921	GCF_001502495	0	0
1922	GCF_000917595	0	0
1923	GCF_000880475	0	0
1924	GCF_000907195	2	2
1925	GCF_001736255	0	0
1926	GCF_000923015	0	0
1927	GCF_000870145	2	2
1928	GCF_000868825	0	0
1929	GCF_000911355	0	0
1930	GCF_000901835	0	0
1931	GCF_000900775	0	0
1932	GCF_000914995	0	0
1933	GCF_001500835	1	1
1934	GCF_000885535	0	0
1935	GCF_000925035	0	0
1936	GCF_001551185	1	1
1937	GCF_001042215	0	0
1938	GCF_000842185	0	0
1939	GCF_000874805	0	0
1940	GCF_000920055	0	0
1941	GCF_000901175	0	0
1942	GCF_000873585	0	0
1943	GCF_000903315	2	2
1944	GCF_000874965	0	0
1945	GCF_001551565	1	1
1946	GCF_000871345	0	0
1947	GCF_000893175	1	1
1948	GCF_000919915	0	0
1949	GCF_000872945	0	0
1950	GCF_000910455	0	0
1951	GCF_002149185	3	3
1952	GCF_000912455	1	1
1953	GCF_000857925	0	0
1954	GCF_000859425	0	0
1955	GCF_000928615	0	0
1956	GCF_000921075	1	1
1957	GCF_000954275	0	0
1958	GCF_001505815	0	0
1959	GCF_000874405	0	0
1960	GCF_000904055	0	0
1961	GCF_000911275	1	1
1962	GCF_000900995	0	0
1963	GCF_000896775	0	0
1964	GCF_000841505	0	0
1965	GCF_000895155	0	0
1966	GCF_000918515	0	0
1967	GCF_000841905	0	0
1968	GCF_000901875	1	1
1969	GCF_000846325	0	0
1970	GCF_000923615	0	0
1971	GCF_000860105	0	0
1972	GCF_000925695	0	0
1973	GCF_000883035	1	1
1974	GCF_000917775	1	1
1975	GCF_001503475	2	2
1976	GCF_000890975	0	0
1977	GCF_001745855	0	0
1978	GCF_001470615	0	0
1979	GCF_000920315	0	0
1980	GCF_000918275	0	0
1981	GCF_000845245	0	0
1982	GCF_000839925	1	1
1983	GCF_000857985	2	2
1984	GCF_001041155	3	3
1985	GCF_000927495	1	1
1986	GCF_000914915	2	2
1987	GCF_000897155	0	0
1988	GCF_000906775	0	0
1989	GCF_000844245	0	0
1990	GCF_000844265	0	0
1991	GCF_000898735	0	0
1992	GCF_000845765	0	0
1993	GCF_000908575	0	0
1994	GCF_001500535	4	4
1995	GCF_000905295	0	0
1996	GCF_000841145	0	0
1997	GCF_001502395	2	2
1998	GCF_000892375	0	0
1999	GCF_001501135	0	0
2000	GCF_000870065	0	0
2001	GCF_000907215	2	2
2002	GCF_000954335	0	0
2003	GCF_000884335	0	0
2004	GCF_000893395	3	3
2005	GCF_001470595	1	1
2006	GCF_001561005	0	0
2007	GCF_000905855	0	0
2008	GCF_001736575	0	0
2009	GCF_002402265	0	0
2010	GCF_000880915	0	0
2011	GCF_000897775	0	0
2012	GCF_000903255	0	0
2013	GCF_000882495	0	0
2014	GCF_001502535	0	0
2015	GCF_000896375	0	0
2016	GCF_001505555	0	0
2017	GCF_000955075	2	2
2018	GCF_000863665	0	0
2019	GCF_001041695	0	0
2020	GCF_000920115	0	0
2021	GCF_000927435	1	1
2022	GCF_001501635	1	1
2023	GCF_000844145	0	0
2024	GCF_001041615	0	0
2025	GCF_000914375	0	0
2026	GCF_000885375	0	0
2027	GCF_000857665	0	0
2028	GCF_001907825	0	0
2029	GCF_000927395	2	2
2030	GCF_001447045	1	1
2031	GCF_000922915	0	0
2032	GCF_000902715	2	2
2033	GCF_000909095	0	0
2034	GCF_000885675	0	0
2035	GCF_000892215	0	0
2036	GCF_000883015	0	0
2037	GCF_001551425	0	0
2038	GCF_000907935	1	1
2039	GCF_001504395	0	0
2040	GCF_000843085	1	1
2041	GCF_000917755	0	0
2042	GCF_000881995	0	0
2043	GCF_000916695	0	0
2044	GCF_000842625	0	0
2045	GCF_001755125	1	1
2046	GCF_000844825	0	0
2047	GCF_000863945	0	0
2048	GCF_000889095	0	0
2049	GCF_000881875	0	0
2050	GCF_000907615	0	0
2051	GCF_001504535	0	0
2052	GCF_001744555	3	3
2053	GCF_000899595	0	0
2054	GCF_000879935	0	0
2055	GCF_000427135	0	0
2056	GCF_000905835	0	0
2057	GCF_000913795	0	0
2058	GCF_000921675	0	0
2059	GCF_000844165	4	2
2060	GCF_000970605	0	0
2061	GCF_000883455	0	0
2062	GCF_000871145	1	1
2063	GCF_000909575	0	0
2064	GCF_001506015	1	1
2065	GCF_000864725	0	0
2066	GCF_001547705	0	0
2067	GCF_000839185	0	0
2068	GCF_000887115	0	0
2069	GCF_000903035	0	0
2070	GCF_000884775	0	0
2071	GCF_002366205	0	0
2072	GCF_000886395	0	0
2073	GCF_001041895	0	0
2074	GCF_000861045	1	1
2075	GCF_001023565	0	0
2076	GCF_000908035	0	0
2077	GCF_000871465	0	0
2078	GCF_000917515	0	0
2079	GCF_000897115	0	0
2080	GCF_000913735	0	0
2081	GCF_000913015	0	0
2082	GCF_001184865	0	0
2083	GCF_000871485	0	0
2084	GCF_000902355	0	0
2085	GCF_000867205	0	0
2086	GCF_000915715	0	0
2087	GCF_000900235	0	0
2088	GCF_000869305	0	0
2089	GCF_000894115	0	0
2090	GCF_001041355	0	0
2091	GCF_002149325	0	0
2092	GCF_000841625	0	0
2093	GCF_000908275	1	1
2094	GCF_001430175	0	0
2095	GCF_000897095	0	0
2096	GCF_000904315	0	0
2097	GCF_000912515	2	2
2098	GCF_001503255	0	0
2099	GCF_000886175	1	1
2100	GCF_000843325	0	0
2101	GCF_000919295	0	0
2102	GCF_001743535	1	1
2103	GCF_000904075	1	1
2104	GCF_001754705	1	1
2105	GCF_001736335	0	0
2106	GCF_000862825	0	0
2107	GCF_000903595	0	0
2108	GCF_000922715	1	1
2109	GCF_000911595	2	2
2110	GCF_000836825	0	0
2111	GCF_000917675	0	0
2112	GCF_001744735	1	1
2113	GCF_001831345	0	0
2114	GCF_001470535	0	0
2115	GCF_000857285	0	0
2116	GCF_001754825	0	0
2117	GCF_000840865	2	2
2118	GCF_000837965	0	0
2119	GCF_000910395	0	0
2120	GCF_000955435	0	0
2121	GCF_001504115	0	0
2122	GCF_000910095	0	0
2123	GCF_000903795	0	0
2124	GCF_000881535	0	0
2125	GCF_001271155	0	0
2126	GCF_000846365	0	0
2127	GCF_000955315	0	0
2128	GCF_000915935	0	0
2129	GCF_001184845	0	0
2130	GCF_000910775	0	0
2131	GCF_000890855	0	0
2132	GCF_000914475	0	0
2133	GCF_001041055	1	1
2134	GCF_001500955	0	0
2135	GCF_000866925	0	0
2136	GCF_001501815	2	1
2137	GCF_000891295	0	0
2138	GCF_001470975	0	0
2139	GCF_000920135	1	1
2140	GCF_000848905	0	0
2141	GCF_000919315	2	2
2142	GCF_000894075	0	0
2143	GCF_000844285	0	0
2144	GCF_000891435	0	0
2145	GCF_000894575	0	0
2146	GCF_000902375	0	0
2147	GCF_000879035	0	0
2148	GCF_001430515	0	0
2149	GCF_001755665	1	1
2150	GCF_001501975	0	0
2151	GCF_000922855	0	0
2152	GCF_000902415	2	2
2153	GCF_000922475	0	0
2154	GCF_000842685	0	0
2155	GCF_001504215	0	0
2156	GCF_000906495	0	0
2157	GCF_000919255	0	0
2158	GCF_000843265	0	0
2159	GCF_000868805	0	0
2160	GCF_001745555	0	0
2161	GCF_000868005	1	1
2162	GCF_000954255	0	0
2163	GCF_000902275	1	0
2164	GCF_001714515	0	0
2165	GCF_000907755	0	0
2166	GCF_001745775	0	0
2167	GCF_000902815	0	0
2168	GCF_000868965	0	0
2169	GCF_001744935	0	0
2170	GCF_001505395	1	1
2171	GCF_000908435	1	1
2172	GCF_000893815	0	0
2173	GCF_002149825	0	0
2174	GCF_000921115	0	0
2175	GCF_000900595	0	0
2176	GCF_000839605	1	1
2177	GCF_000906855	0	0
2178	GCF_001430115	0	0
2179	GCF_000889615	0	0
2180	GCF_001884675	0	0
2181	GCF_000926975	0	0
2182	GCF_000893315	0	0
2183	GCF_000929095	0	0
2184	GCF_000954995	0	0
2185	GCF_000842865	1	1
2186	GCF_000859985	0	0
2187	GCF_001744995	0	0
2188	GCF_000845185	0	0
2189	GCF_001190275	0	0
2190	GCF_000867485	0	0
2191	GCF_000884915	0	0
2192	GCF_000863845	0	0
2193	GCF_000899015	1	1
2194	GCF_000896455	0	0
2195	GCF_000896475	0	0
2196	GCF_000836905	0	0
2197	GCF_001505335	1	1
2198	GCF_000915695	1	1
2199	GCF_000911535	0	0
2200	GCF_001040795	0	0
2201	GCF_000838565	0	0
2202	GCF_000910915	0	0
2203	GCF_000890835	2	2
2204	GCF_000892835	0	0
2205	GCF_000912355	0	0
2206	GCF_002220025	0	0
2207	GCF_001744195	1	1
2208	GCF_000905555	2	2
2209	GCF_000917335	0	0
2210	GCF_000880415	0	0
2211	GCF_000921195	1	1
2212	GCF_000915115	1	1
2213	GCF_000969215	0	0
2214	GCF_000846065	0	0
2215	GCF_000922895	0	0
2216	GCF_000869785	0	0
2217	GCF_001744455	0	0
2218	GCF_000894235	0	0
2219	GCF_000840765	0	0
2220	GCF_000893155	0	0
2221	GCF_000858625	0	0
2222	GCF_000911495	0	0
2223	GCF_000922995	2	2
2224	GCF_000844645	0	0
2225	GCF_000871265	0	0
2226	GCF_001744695	0	0
2227	GCF_000890275	0	0
2228	GCF_000896015	0	0
2229	GCF_001505595	0	0
2230	GCF_000895755	0	0
2231	GCF_001505495	0	0
2232	GCF_000846545	0	0
2233	GCF_000928175	0	0
2234	GCF_000843665	0	0
2235	GCF_000837025	0	0
2236	GCF_001736295	0	0
2237	GCF_001503295	0	0
2238	GCF_000886975	1	1
2239	GCF_000904235	2	2
2240	GCF_000898195	0	0
2241	GCF_001470515	0	0
2242	GCF_000918755	0	0
2243	GCF_001503015	0	0
2244	GCF_000898015	5	5
2245	GCF_000904095	0	0
2246	GCF_001430555	0	0
2247	GCF_000899415	0	0
2248	GCF_001500635	1	1
2249	GCF_000848065	0	0
2250	GCF_000906135	0	0
2251	GCF_000869905	1	1
2252	GCF_000918615	1	1
2253	GCF_000906755	0	0
2254	GCF_000902095	0	0
2255	GCF_000954315	0	0
2256	GCF_000847205	1	1
2257	GCF_000909595	0	0
2258	GCF_000907175	0	0
2259	GCF_000895275	1	1
2260	GCF_000926855	2	2
2261	GCF_000921695	0	0
2262	GCF_000914635	0	0
2263	GCF_000873445	0	0
2264	GCF_000868545	0	0
2265	GCF_000903135	0	0
2266	GCF_000844905	0	0
2267	GCF_001470455	1	1
2268	GCF_001745495	1	1
2269	GCF_000848885	1	1
2270	GCF_000913575	2	2
2271	GCF_000901255	0	0
2272	GCF_000882555	0	0
2273	GCF_000901975	0	0
2274	GCF_001015265	0	0
2275	GCF_000868025	1	1
2276	GCF_000838145	0	0
2277	GCF_000846645	0	0
2278	GCF_000870305	0	0
2279	GCF_000838205	0	0
2280	GCF_000864525	0	0
2281	GCF_000898395	0	0
2282	GCF_001881995	0	0
2283	GCF_000892635	0	0
2284	GCF_000864645	0	0
2285	GCF_000905795	0	0
2286	GCF_000885155	1	1
2287	GCF_000837245	0	0
2288	GCF_000904815	0	0
2289	GCF_000868645	0	0
2290	GCF_001551625	0	0
2291	GCF_000882655	0	0
2292	GCF_000925075	0	0
2293	GCF_000846225	0	0
2294	GCF_001755165	0	0
2295	GCF_000837645	0	0
2296	GCF_000882135	0	0
2297	GCF_000872365	0	0
2298	GCF_000845945	0	0
2299	GCF_000859205	1	1
2300	GCF_001505895	0	0
2301	GCF_000898255	0	0
2302	GCF_000891775	0	0
2303	GCF_000894995	0	0
2304	GCF_000904015	0	0
2305	GCF_000910055	0	0
2306	GCF_000892995	0	0
2307	GCF_000858285	0	0
2308	GCF_000927415	0	0
2309	GCF_001745755	0	0
2310	GCF_000884015	0	0
2311	GCF_000905575	0	0
2312	GCF_000920395	0	0
2313	GCF_001501855	0	0
2314	GCF_000879595	1	1
2315	GCF_000894335	1	1
2316	GCF_000916355	0	0
2317	GCF_000925055	0	0
2318	GCF_000879735	0	0
2319	GCF_000889515	0	0
2320	GCF_000844885	0	0
2321	GCF_000905075	1	1
2322	GCF_001482955	0	0
2323	GCF_000916175	0	0
2324	GCF_001755285	0	0
2325	GCF_000846745	0	0
2326	GCF_001500775	0	0
2327	GCF_000903195	1	1
2328	GCF_000868565	0	0
2329	GCF_000908495	0	0
2330	GCF_001502015	0	0
2331	GCF_000917215	0	0
2332	GCF_001745715	0	0
2333	GCF_000908615	1	1
2334	GCF_000838985	1	1
2335	GCF_001505935	1	1
2336	GCF_000901695	1	1
2337	GCF_000895315	0	0
2338	GCF_001505175	0	0
2339	GCF_000900495	0	0
2340	GCF_000894675	1	1
2341	GCF_000901855	0	0
2342	GCF_001507495	0	0
2343	GCF_000903015	0	0
2344	GCF_000917455	0	0
2345	GCF_001042395	0	0
2346	GCF_000912695	1	1
2347	GCF_001736995	0	0
2348	GCF_000864445	0	0
2349	GCF_001503735	0	0
2350	GCF_001038615	0	0
2351	GCF_000954675	0	0
2352	GCF_001746155	1	1
2353	GCF_001504415	0	0
2354	GCF_000872185	1	1
2355	GCF_000838605	0	0
2356	GCF_002149745	0	0
2357	GCF_000865785	0	0
2358	GCF_001634575	0	0
2359	GCF_000912935	0	0
2360	GCF_001551285	0	0
2361	GCF_000910035	0	0
2362	GCF_001551465	0	0
2363	GCF_000886195	0	0
2364	GCF_000872045	0	0
2365	GCF_000905455	0	0
2366	GCF_001714455	0	0
2367	GCF_000865845	0	0
2368	GCF_000889675	0	0
2369	GCF_000920915	0	0
2370	GCF_000906475	1	1
2371	GCF_000870085	0	0
2372	GCF_000882975	0	0
2373	GCF_000900275	0	0
2374	GCF_000917475	0	0
2375	GCF_001654305	1	1
2376	GCF_001461605	0	0
2377	GCF_000883055	0	0
2378	GCF_000908935	1	1
2379	GCF_001743955	0	0
2380	GCF_001744475	1	1
2381	GCF_000902975	1	1
2382	GCF_000879895	0	0
2383	GCF_000837825	0	0
2384	GCF_000872285	0	0
2385	GCF_001308775	0	0
2386	GCF_000859385	0	0
2387	GCF_000888835	2	2
2388	GCF_001042355	0	0
2389	GCF_001430035	1	1
2390	GCF_000907075	0	0
2391	GCF_001310115	0	0
2392	GCF_000849765	0	0
2393	GCF_000840245	0	0
2394	GCF_000841605	0	0
2395	GCF_000989015	0	0
2396	GCF_001505675	1	1
2397	GCF_000886215	1	1
2398	GCF_000838065	0	0
2399	GCF_000840945	0	0
2400	GCF_000845665	0	0
2401	GCF_001744895	0	0
2402	GCF_000924615	0	0
2403	GCF_000862645	0	0
2404	GCF_001744335	1	1
2405	GCF_000892855	0	0
2406	GCF_000920355	1	1
2407	GCF_000867425	0	0
2408	GCF_000857465	2	2
2409	GCF_000923335	0	0
2410	GCF_001579315	0	0
2411	GCF_001744595	1	1
2412	GCF_001744295	0	0
2413	GCF_000917495	0	0
2414	GCF_000839765	0	0
2415	GCF_000894355	0	0
2416	GCF_000848845	0	0
2417	GCF_000912875	0	0
2418	GCF_000897395	0	0
2419	GCF_001754805	1	1
2420	GCF_000898215	0	0
2421	GCF_001470335	0	0
2422	GCF_000892195	0	0
2423	GCF_000864825	0	0
2424	GCF_000864845	0	0
2425	GCF_000891975	0	0
2426	GCF_001470355	0	0
2427	GCF_000869185	0	0
2428	GCF_001504615	0	0
2429	GCF_001502875	0	0
2430	GCF_000907735	0	0
2431	GCF_001755265	0	0
2432	GCF_000890715	0	0
2433	GCF_000893035	0	0
2434	GCF_001755205	1	1
2435	GCF_000893375	2	2
2436	GCF_001503555	0	0
2437	GCF_000920275	1	1
2438	GCF_000916395	1	1
2439	GCF_001736415	1	1
2440	GCF_000909035	1	1
2441	GCF_000884295	0	0
2442	GCF_001470915	0	0
2443	GCF_000918295	2	2
2444	GCF_000868985	0	0
2445	GCF_000871245	16	16
2446	GCF_001501255	1	1
2447	GCF_000915535	0	0
2448	GCF_000841045	0	0
2449	GCF_000842265	0	0
2450	GCF_001743555	1	1
2451	GCF_000838105	0	0
2452	GCF_001737075	1	1
2453	GCF_001551105	1	1
2454	GCF_000923075	1	1
2455	GCF_000919215	1	1
2456	GCF_000897815	0	0
2457	GCF_001430235	0	0
2458	GCF_001567015	0	0
2459	GCF_001504575	0	0
2460	GCF_001041395	0	0
2461	GCF_000918595	0	0
2462	GCF_000905735	0	0
2463	GCF_001041335	1	1
2464	GCF_000841005	0	0
2465	GCF_000867785	0	0
2466	GCF_000918955	0	0
2467	GCF_001630065	0	0
2468	GCF_001042155	0	0
2469	GCF_001736315	1	1
2470	GCF_001504635	0	0
2471	GCF_000868745	0	0
2472	GCF_000912335	0	0
2473	GCF_000882935	0	0
2474	GCF_000846585	0	0
2475	GCF_000917555	1	1
2476	GCF_001736355	1	1
2477	GCF_000892175	0	0
2478	GCF_001505055	0	0
2479	GCF_000870585	1	1
2480	GCF_001470495	1	1
2481	GCF_002037795	0	0
2482	GCF_001745595	0	0
2483	GCF_000892115	0	0
2484	GCF_000872305	0	0
2485	GCF_001717195	0	0
2486	GCF_001745375	0	0
2487	GCF_001743935	0	0
2488	GCF_001743575	0	0
2489	GCF_000909955	1	1
2490	GCF_000862805	0	0
2491	GCF_001737115	2	2
2492	GCF_000910215	1	1
2493	GCF_000844385	0	0
2494	GCF_002221785	1	1
2495	GCF_001550705	4	4
2496	GCF_000900855	0	0
2497	GCF_001501615	0	0
2498	GCF_001041915	1	1
2499	GCF_000903515	0	0
2500	GCF_001041175	0	0
2501	GCF_000906115	0	0
2502	GCF_000910195	0	0
2503	GCF_000903615	0	0
2504	GCF_000879135	1	1
2505	GCF_001503215	0	0
2506	GCF_000908235	0	0
2507	GCF_001503535	0	0
2508	GCF_000908015	0	0
2509	GCF_000955055	0	0
2510	GCF_000904795	0	0
2511	GCF_000881375	1	1
2512	GCF_001550665	0	0
2513	GCF_000903415	0	0
2514	GCF_000891315	0	0
2515	GCF_000919275	1	1
2516	GCF_000880095	0	0
2517	GCF_000886435	0	0
2518	GCF_001745055	0	0
2519	GCF_001891055	0	0
2520	GCF_000856905	0	0
2521	GCF_000926715	2	2
2522	GCF_000894315	2	1
2523	GCF_002158735	0	0
2524	GCF_000840405	0	0
2525	GCF_001500375	0	0
2526	GCF_000904575	0	0
2527	GCF_000887015	0	0
2528	GCF_000902215	0	0
2529	GCF_000843485	0	0
2530	GCF_000857645	0	0
2531	GCF_000890695	0	0
2532	GCF_002149705	0	0
2533	GCF_000884695	0	0
2534	GCF_000905535	0	0
2535	GCF_000924855	0	0
2536	GCF_001551205	0	0
2537	GCF_001744855	0	0
2538	GCF_001884655	1	1
2539	GCF_000896255	0	0
2540	GCF_001714435	0	0
2541	GCF_000915635	0	0
2542	GCF_000897315	0	0
2543	GCF_001430635	0	0
2544	GCF_000841465	1	1
2545	GCF_001743735	0	0
2546	GCF_001501835	1	1
2547	GCF_000919335	3	2
2548	GCF_000845385	0	0
2549	GCF_001501355	0	0
2550	GCF_001502255	0	0
2551	GCF_001041795	2	2
2552	GCF_000896315	1	1
2553	GCF_000872245	0	0
2554	GCF_000840565	2	2
2555	GCF_000858225	0	0
2556	GCF_002219645	0	0
2557	GCF_000911615	1	1
2558	GCF_000916615	0	0
2559	GCF_000911875	1	1
2560	GCF_000915155	0	0
2561	GCF_000898235	0	0
2562	GCF_000880675	1	1
2563	GCF_000838045	0	0
2564	GCF_001502095	0	0
2565	GCF_000886095	0	0
2566	GCF_000844445	0	0
2567	GCF_001754765	0	0
2568	GCF_000918695	1	1
2569	GCF_000911655	4	4
2570	GCF_001503095	0	0
2571	GCF_000902255	0	0
2572	GCF_002355065	0	0
2573	GCF_002270885	0	0
2574	GCF_000893535	0	0
2575	GCF_001717415	0	0
2576	GCF_001503875	0	0
2577	GCF_001448375	0	0
2578	GCF_000921955	0	0
2579	GCF_001190575	0	0
2580	GCF_000887095	1	1
2581	GCF_000866205	1	1
2582	GCF_000879115	0	0
2583	GCF_001746015	0	0
2584	GCF_001744495	0	0
2585	GCF_000860265	1	1
2586	GCF_000894975	0	0
2587	GCF_000884875	0	0
2588	GCF_001470695	0	0
2589	GCF_000900615	1	1
2590	GCF_000868225	0	0
2591	GCF_001551065	1	1
2592	GCF_001041855	0	0
2593	GCF_000920095	0	0
2594	GCF_001470255	0	0
2595	GCF_000839725	0	0
2596	GCF_001470935	3	3
2597	GCF_000872105	0	0
2598	GCF_000838165	0	0
2599	GCF_000900535	1	1
2600	GCF_000900295	0	0
2601	GCF_000914695	0	0
2602	GCF_001470075	0	0
2603	GCF_000837365	0	0
2604	GCF_000919455	0	0
2605	GCF_000891235	0	0
2606	GCF_000918335	0	0
2607	GCF_000914755	1	1
2608	GCF_001736655	0	0
2609	GCF_001040815	0	0
2610	GCF_000902395	0	0
2611	GCF_000898335	0	0
2612	GCF_000926775	0	0
2613	GCF_001743915	0	0
2614	GCF_001504515	0	0
2615	GCF_000901555	1	1
2616	GCF_000917535	2	2
2617	GCF_001754865	1	1
2618	GCF_000910015	0	0
2619	GCF_001882115	2	2
2620	GCF_001746195	0	0
2621	GCF_000921595	0	0
2622	GCF_000890375	1	1
2623	GCF_000896695	0	0
2624	GCF_000893935	0	0
2625	GCF_001042035	0	0
2626	GCF_000892415	0	0
2627	GCF_000909555	0	0
2628	GCF_000890755	1	1
2629	GCF_000870565	1	1
2630	GCF_000909655	0	0
2631	GCF_000969155	0	0
2632	GCF_001504595	0	0
2633	GCF_001482975	3	3
2634	GCF_000916135	0	0
2635	GCF_000913175	0	0
2636	GCF_000862885	0	0
2637	GCF_000917175	0	0
2638	GCF_000841425	0	0
2639	GCF_000880755	0	0
2640	GCF_001755145	0	0
2641	GCF_000916435	0	0
2642	GCF_000890115	0	0
2643	GCF_002149525	0	0
2644	GCF_000427155	0	0
2645	GCF_001500395	0	0
2646	GCF_000882635	0	0
2647	GCF_001470155	1	1
2648	GCF_001470715	0	0
2649	GCF_001866975	0	0
2650	GCF_000841565	1	1
2651	GCF_000903855	0	0
2652	GCF_000838965	0	0
2653	GCF_000846625	0	0
2654	GCF_002158575	0	0
2655	GCF_000839445	0	0
2656	GCF_000874625	0	0
2657	GCF_001470055	0	0
2658	GCF_001502895	0	0
2659	GCF_000842945	0	0
2660	GCF_001550525	0	0
2661	GCF_001503775	0	0
2662	GCF_000895235	0	0
2663	GCF_000869245	1	1
2664	GCF_000921915	0	0
2665	GCF_000900575	1	1
2666	GCF_000913755	0	0
2667	GCF_000881355	0	0
2668	GCF_000869585	0	0
2669	GCF_000845105	0	0
2670	GCF_000837185	0	0
2671	GCF_000918095	0	0
2672	GCF_000871505	1	1
2673	GCF_000909435	0	0
2674	GCF_000905275	0	0
2675	GCF_001308695	1	0
2676	GCF_000915655	1	1
2677	GCF_000909375	1	1
2678	GCF_002116095	0	0
2679	GCF_001745575	1	1
2680	GCF_001502995	0	0
2681	GCF_001885425	0	0
2682	GCF_000869925	1	1
2683	GCF_001736555	3	3
2684	GCF_000839025	0	0
2685	GCF_000858165	0	0
2686	GCF_000911695	0	0
2687	GCF_000866485	0	0
2688	GCF_000905595	0	0
2689	GCF_001503575	1	1
2690	GCF_000901755	0	0
2691	GCF_000841245	0	0
2692	GCF_000910615	0	0
2693	GCF_000890915	0	0
2694	GCF_000881335	0	0
2695	GCF_000874085	0	0
2696	GCF_000893355	1	1
2697	GCF_000840805	0	0
2698	GCF_000903115	0	0
2699	GCF_000837865	0	0
2700	GCF_000913515	0	0
2701	GCF_000911755	0	0
2702	GCF_000867645	0	0
2703	GCF_000908075	0	0
2704	GCF_000837885	1	1
2705	GCF_000925835	1	1
2706	GCF_000838005	0	0
2707	GCF_000955395	2	2
2708	GCF_000905015	1	1
2709	GCF_000881595	0	0
2710	GCF_000904855	0	0
2711	GCF_000864605	0	0
2712	GCF_000885575	0	0
2713	GCF_001744875	0	0
2714	GCF_001502695	1	1
2715	GCF_000839425	0	0
2716	GCF_000841545	0	0
2717	GCF_000900935	0	0
2718	GCF_000846885	0	0
2719	GCF_001743595	0	0
2720	GCF_001041575	0	0
2721	GCF_000922095	0	0
2722	GCF_000837125	0	0
2723	GCF_000900675	1	1
2724	GCF_001698415	0	0
2725	GCF_001504155	0	0
2726	GCF_000897855	1	1
2727	GCF_001501475	0	0
2728	GCF_000891795	1	1
2729	GCF_001504935	0	0
2730	GCF_000954375	1	1
2731	GCF_000923715	0	0
2732	GCF_001744215	2	2
2733	GCF_000848025	1	1
2734	GCF_000909795	0	0
2735	GCF_000904715	0	0
2736	GCF_000902775	1	1
2737	GCF_000844025	0	0
2738	GCF_000904135	0	0
2739	GCF_000874165	0	0
2740	GCF_000842085	0	0
2741	GCF_000901215	0	0
2742	GCF_000884255	0	0
2743	GCF_000915075	1	1
2744	GCF_000918795	1	1
2745	GCF_000857445	3	3
2746	GCF_001501595	0	0
2747	GCF_001503455	0	0
2748	GCF_001736915	0	0
2749	GCF_000881155	1	1
2750	GCF_000906575	0	0
2751	GCF_001503335	0	0
2752	GCF_000907775	2	2
2753	GCF_001744655	0	0
2754	GCF_000888435	0	0
2755	GCF_000848125	0	0
2756	GCF_000924875	0	0
2757	GCF_000907555	0	0
2758	GCF_000841825	0	0
2759	GCF_001743635	0	0
2760	GCF_000844965	0	0
2761	GCF_000841725	1	1
2762	GCF_000900655	0	0
2763	GCF_000836945	1	1
2764	GCF_000919095	0	0
2765	GCF_000931155	0	0
2766	GCF_001503655	0	0
2767	GCF_001433645	2	2
2768	GCF_000923095	0	0
2769	GCF_000917695	1	1
2770	GCF_000863865	0	0
2771	GCF_000890615	0	0
2772	GCF_000888755	0	0
2773	GCF_000904995	3	3
2774	GCF_001744375	0	0
2775	GCF_001503795	0	0
2776	GCF_001500895	0	0
2777	GCF_000929595	0	0
2778	GCF_000867365	0	0
2779	GCF_001470095	0	0
2780	GCF_001041555	2	2
2781	GCF_000845965	0	0
2782	GCF_000869805	0	0
